<?xml version="1.0" encoding="UTF-8"?>
<metadata xml:lang="uk"><Esri><CreaDate>20230826</CreaDate><CreaTime>00293900</CreaTime><ArcGISFormat>1.0</ArcGISFormat><SyncOnce>TRUE</SyncOnce><DataProperties><lineage><Process ToolSource="c:\program files (x86)\arcgis\desktop10.5\ArcToolbox\Toolboxes\Spatial Analyst Tools.tbx\Reclassify" Date="20230826" Time="002939">Reclassify KAKH_NDWI_0819_ms.tif VALUE "-0,671602 -0,284839 NODATA;-0,284839 -0,043500 NODATA;-0,043500 1 1" "H:\GIS modelling data\Kakhovka-dnipro\Data\rasters\KAKH_WATER_0819.tif" NODATA</Process></lineage></DataProperties></Esri></metadata>
