<?xml version="1.0" encoding="UTF-8"?>
<metadata xml:lang="uk"><Esri><CreaDate>20240121</CreaDate><CreaTime>21041200</CreaTime><ArcGISFormat>1.0</ArcGISFormat><SyncOnce>TRUE</SyncOnce><DataProperties><lineage><Process ToolSource="c:\program files (x86)\arcgis\desktop10.5\ArcToolbox\Toolboxes\Spatial Analyst Tools.tbx\Reclassify" Date="20240121" Time="210412">Reclassify kakh_ndvi0620.tif VALUE "-1 0,370000 1;0,370000 1 2" "H:\GIS modelling data\Kakhovka-dnipro\Data\rasters\kakh_ndvi2_0620.tif" DATA</Process></lineage></DataProperties></Esri></metadata>
