<?xml version="1.0" encoding="UTF-8"?>
<metadata xml:lang="uk"><Esri><CreaDate>20240729</CreaDate><CreaTime>22200100</CreaTime><ArcGISFormat>1.0</ArcGISFormat><SyncOnce>TRUE</SyncOnce><DataProperties><lineage><Process ToolSource="c:\program files (x86)\arcgis\desktop10.5\ArcToolbox\Toolboxes\Spatial Analyst Tools.tbx\Reclassify" Date="20240729" Time="222001">Reclassify DNI_NDWI_0525.tif VALUE "-1 -0,375000 NODATA;-0,375000 -0,040000 NODATA;-0,040000 1 1" "D:\GIS modelling data\Kakhovka-dnipro\Data\rasters\KAKH_WATER_0525.tif" DATA</Process></lineage></DataProperties></Esri></metadata>
