<?xml version="1.0" encoding="UTF-8"?>
<metadata xml:lang="uk"><Esri><CreaDate>20240107</CreaDate><CreaTime>14560000</CreaTime><ArcGISFormat>1.0</ArcGISFormat><SyncOnce>TRUE</SyncOnce><DataProperties><lineage><Process ToolSource="c:\program files (x86)\arcgis\desktop10.5\ArcToolbox\Toolboxes\3D Analyst Tools.tbx\Reclassify" Date="20240107" Time="145600">Reclassify KAKH_NDWI_0620_ms.tif VALUE "-1 -0,040000 NODATA;-0,040000 1 1" "I:\GIS modelling data\Kakhovka-dnipro\Data\rasters\KAKH_WATER_1107.tif" DATA</Process></lineage></DataProperties></Esri></metadata>
